"description","quantity","unit","matchDescription","gwp","source","tabName","rowNumber"
"uc-universal column - column : 356x368x177uc : 158657",0,"m3","Steel, Engineering steel",2719,"ice","ifc_hospital",3
"uc-universal column - column : 356x368x177uc : 158837",0,"m3","Steel, Engineering steel",2719,"ice","ifc_hospital",5
"uc-universal column - column : 356x368x177uc : 168980",0,"m3","Steel, Engineering steel",2741,"ice","ifc_hospital",13
"uc-universal column - column : 356x368x177uc : 159493",0,"m3","Steel, Engineering steel",2741,"ice","ifc_hospital",9
"uc-universal column - column : 356x368x177uc : 159099",0,"m3","Steel, Engineering steel",2741,"ice","ifc_hospital",7
"uc-universal column - column : 356x368x177uc : 169244",0,"m3","Steel, Engineering steel",2741,"ice","ifc_hospital",17
"uc-universal column - column : 356x368x177uc : 169520",0,"m3","Steel, Engineering steel",2741,"ice","ifc_hospital",19
"uc-universal column - column : 356x368x177uc : 169528",0,"m3","Steel, Engineering steel",2741,"ice","ifc_hospital",23
"uc-universal column - column : 356x368x177uc : 170226",0,"m3","Steel, Engineering steel",2741,"ice","ifc_hospital",33
"uc-universal column - column : 356x368x177uc : 159759",0,"m3","Steel, Engineering steel",2741,"ice","ifc_hospital",11
"uc-universal column - column : 356x368x177uc : 169134",0,"m3","Steel, Engineering steel",2741,"ice","ifc_hospital",15
"uc-universal column - column : 356x368x177uc : 169524",0,"m3","Steel, Engineering steel",2741,"ice","ifc_hospital",21
"uc-universal column - column : 356x368x177uc : 169532",0,"m3","Steel, Engineering steel",2741,"ice","ifc_hospital",25
"uc-universal column - column : 356x368x177uc : 169772",0,"m3","Steel, Engineering steel",2719,"ice","ifc_hospital",27
"uc-universal column - column : 356x368x177uc : 169990",0,"m3","Steel, Engineering steel",2741,"ice","ifc_hospital",29
"uc-universal column - column : 356x368x177uc : 173874",0,"m3","Steel, Engineering steel",2741,"ice","ifc_hospital",37
"uc-universal column - column : 356x368x177uc : 174344",0,"m3","Steel, Engineering steel",2719,"ice","ifc_hospital",41
"uc-universal column - column : 356x368x177uc : 204557",0,"m3","Steel, Engineering steel",2462,"ice","ifc_hospital",93
"uc-universal column - column : 356x368x177uc : 179543",0,"m3","Steel, Engineering steel",2741,"ice","ifc_hospital",45
"uc-universal column - column : 356x368x177uc : 179637",0,"m3","Steel, Engineering steel",2741,"ice","ifc_hospital",47
"uc-universal column - column : 356x368x177uc : 189672",0,"m3","Steel, Engineering steel",2418,"ice","ifc_hospital",53
"uc-universal column - column : 356x368x177uc : 190061",0,"m3","Steel, Engineering steel",2719,"ice","ifc_hospital",57
"uc-universal column - column : 356x368x177uc : 190622",0,"m3","Steel, Engineering steel",2462,"ice","ifc_hospital",63
"uc-universal column - column : 356x368x177uc : 191116",0,"m3","Steel, Engineering steel",2741,"ice","ifc_hospital",69
"uc-universal column - column : 356x368x177uc : 190496",0,"m3","Steel, Engineering steel",2741,"ice","ifc_hospital",61
"uc-universal column - column : 356x368x177uc : 170110",0,"m3","Steel, Engineering steel",2741,"ice","ifc_hospital",31
"uc-universal column - column : 356x368x177uc : 173870",0,"m3","Steel, Engineering steel",2741,"ice","ifc_hospital",35
"uc-universal column - column : 356x368x177uc : 173903",0,"m3","Steel, Engineering steel",2462,"ice","ifc_hospital",39
"uc-universal column - column : 356x368x177uc : 179436",0,"m3","Steel, Engineering steel",2741,"ice","ifc_hospital",43
"uc-universal column - column : 356x368x177uc : 179737",0,"m3","Steel, Engineering steel",2719,"ice","ifc_hospital",49
"uc-universal column - column : 356x368x177uc : 185260",0,"m3","Steel, Engineering steel",2701,"ice","ifc_hospital",51
"uc-universal column - column : 356x368x177uc : 189927",0,"m3","Steel, Engineering steel",2741,"ice","ifc_hospital",55
"uc-universal column - column : 356x368x177uc : 190339",0,"m3","Steel, Engineering steel",2719,"ice","ifc_hospital",59
"uc-universal column - column : 356x368x177uc : 190786",0,"m3","Steel, Engineering steel",2462,"ice","ifc_hospital",65
"uc-universal column - column : 356x368x177uc : 190994",0,"m3","Steel, Engineering steel",2462,"ice","ifc_hospital",67
"uc-universal column - column : 356x368x177uc : 191436",0,"m3","Steel, Engineering steel",2719,"ice","ifc_hospital",73
"uc-universal column - column : 356x368x177uc : 191905",0,"m3","Steel, Engineering steel",2485,"ice","ifc_hospital",77
"uc-universal column - column : 356x368x177uc : 192162",0,"m3","Steel, Engineering steel",2485,"ice","ifc_hospital",81
"uc-universal column - column : 356x368x177uc : 192474",0,"m3","Steel, Engineering steel",2462,"ice","ifc_hospital",86
"uc-universal column - column : 356x368x177uc : 192655",0,"m3","Steel, Engineering steel",2462,"ice","ifc_hospital",89
"uc-universal column - column : 356x368x177uc : 204527",0,"m3","Steel, Engineering steel",2462,"ice","ifc_hospital",90
"uc-universal column - column : 356x368x177uc : 204561",0,"m3","Steel, Engineering steel",2485,"ice","ifc_hospital",95
"m concrete - rectangular - column : 1150 x 1250mm:209901",1,"m3","Concrete GEN 2 with 15% PFA cement",254,"ice","ifc_hospital",107
"m concrete - rectangular - column : 1150 x 1250mm:209726",1,"m3","Concrete GEN 2 with 15% PFA cement",216,"ice","ifc_hospital",105
"uc-universal column - column : 356x368x177uc : 191294",0,"m3","Steel, Engineering steel",2741,"ice","ifc_hospital",71
"uc-universal column - column : 356x368x177uc : 191757",0,"m3","Steel, Engineering steel",2485,"ice","ifc_hospital",75
"uc-universal column - column : 356x368x177uc : 192016",0,"m3","Steel, Engineering steel",2485,"ice","ifc_hospital",79
"uc-universal column - column : 356x368x177uc : 192313",0,"m3","Steel, Engineering steel",2462,"ice","ifc_hospital",83
"uc-universal column - column : 356x368x177uc : 192545",0,"m3","Steel, Engineering steel",2485,"ice","ifc_hospital",87
"m concrete - rectangular - column : 1150 x 1250mm:210231",1,"m3","Concrete GEN 2 with 15% PFA cement",254,"ice","ifc_hospital",111
"m concrete - rectangular - column : 1150 x 1250mm:210854",1,"m3","Concrete GEN 2 with 15% PFA cement",242,"ice","ifc_hospital",119
"m concrete - rectangular - column : 1150 x 1250mm:210448",1,"m3","Concrete GEN 2 with 15% PFA cement",242,"ice","ifc_hospital",113
"m concrete - rectangular - column : 1150 x 1250mm:211371",1,"m3","Concrete GEN 2 with 15% PFA cement",254,"ice","ifc_hospital",125
"m concrete - rectangular - column : 1150 x 1250mm:210712",1,"m3","Concrete GEN 2 with 15% PFA cement",242,"ice","ifc_hospital",117
"m concrete - rectangular - column : 1150 x 1250mm:211699",1,"m3","Concrete GEN 2 with 15% PFA cement",243,"ice","ifc_hospital",129
"m concrete - rectangular - column : 1150 x 1250mm:211065",1,"m3","Concrete GEN 2 with 15% PFA cement",254,"ice","ifc_hospital",121
"m concrete - rectangular - column : 1150 x 1250mm:212271",1,"m3","Concrete GEN 2 with 15% PFA cement",242,"ice","ifc_hospital",137
"m concrete - rectangular - column : 600 x 600mm:255359",0,"m3","Concrete GEN 2 with CEM I cement",50,"ice","ifc_hospital",155
"ub - universal beam : 305x165x40ub:177303",0,"m3","Steel, Engineering steel",84,"ice","ifc_hospital",165
"m hss - hollow structural section - column : hss152.4x152.4x7.9:228513",0,"m3","Steel, Engineering steel",639,"ice","ifc_hospital",169
"m hss - hollow structural section - column : hss152.4x152.4x7.9:234786",0,"m3","Steel, Engineering steel",488,"ice","ifc_hospital",173
"m hss - hollow structural section - column : hss152.4x152.4x7.9:242670",0,"m3","Steel, Engineering steel",639,"ice","ifc_hospital",177
"uc-universal column - column : 356x368x177uc : 266129",0,"m3","Steel, Engineering steel",2228,"ice","ifc_hospital",181
"uc-universal column - column : 356x368x177uc : 266137",0,"m3","Steel, Engineering steel",2228,"ice","ifc_hospital",185
"uc-universal column - column : 356x368x177uc : 266141",0,"m3","Steel, Engineering steel",2228,"ice","ifc_hospital",187
"uc-universal column - column : 356x368x177uc : 266153",0,"m3","Steel, Engineering steel",2228,"ice","ifc_hospital",193
"uc-universal column - column : 356x368x177uc : 266161",0,"m3","Steel, Engineering steel",2228,"ice","ifc_hospital",197
"uc-universal column - column : 356x368x177uc : 266165",0,"m3","Steel, Engineering steel",2228,"ice","ifc_hospital",199
"uc-universal column - column : 356x368x177uc : 266673",0,"m3","Steel, Engineering steel",2228,"ice","ifc_hospital",201
"uc-universal column - column : 356x368x177uc : 266951",0,"m3","Steel, Engineering steel",2228,"ice","ifc_hospital",207
"uc-universal column - column : 356x368x177uc : 266963",0,"m3","Steel, Engineering steel",2228,"ice","ifc_hospital",213
"uc-universal column - column : 356x368x177uc : 267262",0,"m3","Steel, Engineering steel",2228,"ice","ifc_hospital",217
"uc-universal column - column : 356x368x177uc : 267266",0,"m3","Steel, Engineering steel",2228,"ice","ifc_hospital",219
"uc-universal column - column : 356x368x177uc : 267650",0,"m3","Steel, Engineering steel",1972,"ice","ifc_hospital",223
"uc-universal column - column : 356x368x177uc : 267797",0,"m3","Steel, Engineering steel",2228,"ice","ifc_hospital",230
"uc-universal column - column : 356x368x177uc : 267803",0,"m3","Steel, Engineering steel",2228,"ice","ifc_hospital",233
"uc-universal column - column : 356x368x177uc : 267807",0,"m3","Steel, Engineering steel",2228,"ice","ifc_hospital",235
"uc-universal column - column : 356x368x177uc : 266332",0,"m3","Steel, Engineering steel",2641,"ice","ifc_hospital",239
"uc-universal column - column : 356x368x177uc : 266340",0,"m3","Steel, Engineering steel",2641,"ice","ifc_hospital",243
"uc-universal column - column : 356x368x177uc : 266346",0,"m3","Steel, Engineering steel",2641,"ice","ifc_hospital",246
"uc-universal column - column : 356x368x177uc : 266356",0,"m3","Steel, Engineering steel",2641,"ice","ifc_hospital",251
"uc-universal column - column : 356x368x177uc : 266364",0,"m3","Steel, Engineering steel",2641,"ice","ifc_hospital",255
"uc-universal column - column : 356x368x177uc : 266372",0,"m3","Steel, Engineering steel",2641,"ice","ifc_hospital",259
"uc-universal column - column : 356x368x177uc : 266751",0,"m3","Steel, Engineering steel",1972,"ice","ifc_hospital",263
"uc-universal column - column : 356x368x177uc : 267043",0,"m3","Steel, Engineering steel",858,"ice","ifc_hospital",267
"uc-universal column - column : 356x368x177uc : 267370",0,"m3","Steel, Engineering steel",858,"ice","ifc_hospital",275
"uc-universal column - column : 356x368x177uc : 267374",0,"m3","Steel, Engineering steel",858,"ice","ifc_hospital",277
"uc-universal column - column : 356x368x177uc : 267378",0,"m3","Steel, Engineering steel",858,"ice","ifc_hospital",279
"uc-universal column - column : 356x368x177uc : 267874",0,"m3","Steel, Engineering steel",858,"ice","ifc_hospital",289
"m hss - hollow structural section - column : hss152.4x152.4x7.9:267517",0,"m3","Steel, Engineering steel",377,"ice","ifc_hospital",283
"limestone sills; masonry - brick soldier course",1,"m3","Clay, Brick",359,"ice","ifc_hospital",294
"limestone sills; masonry - brick soldier course",1,"m3","Clay, Brick",359,"ice","ifc_hospital",298
"limestone sills; masonry - brick soldier course",1,"m3","Clay, Brick",359,"ice","ifc_hospital",301
"limestone sills; masonry - brick soldier course",1,"m3","Clay, Brick",359,"ice","ifc_hospital",303
"limestone sills; masonry - brick soldier course",1,"m3","Clay, Brick",371,"ice","ifc_hospital",307
"limestone sills; masonry - brick soldier course",1,"m3","Clay, Brick",359,"ice","ifc_hospital",313
"limestone sills; masonry - brick soldier course",2,"m3","Clay, Brick",672,"ice","ifc_hospital",317
"limestone column - corner - 15  degree:1200 x 1200:256259",2,"m3","Steel, Engineering steel",21582,"ice","ifc_hospital",319
"m_round column : 610mm diameter:316272",2,"m3","Steel, Engineering steel",17481,"ice","ifc_hospital",339
"plasterboard; masonry - concrete block; plasterboard",44,"m3","AAC concrete block",7472,"ice","ifc_hospital",337
"plasterboard; masonry - concrete block; plasterboard",4,"m3","AAC concrete block",605,"ice","ifc_hospital",353
"m_rectangular column : 500 x 500mm:409461",1,"m3","Steel, Engineering steel",14456,"ice","ifc_hospital",363
"m_rectangular column : 475 x 475mm:410303",1,"m3","Steel, Engineering steel",10700,"ice","ifc_hospital",369
"m_rectangular column : 475 x 475mm:410553",1,"m3","Steel, Engineering steel",7896,"ice","ifc_hospital",373
"m_rectangular column : 475 x 475mm:410801",1,"m3","Steel, Engineering steel",11057,"ice","ifc_hospital",377
"m_rectangular column : 475 x 475mm:411011",1,"m3","Steel, Engineering steel",9668,"ice","ifc_hospital",381
"m_rectangular column : 475 x 475mm:411235",1,"m3","Steel, Engineering steel",7604,"ice","ifc_hospital",385
"m_round column : 610mm diameter:411341",1,"m3","Steel, Engineering steel",13172,"ice","ifc_hospital",387
"m_round column : 610mm diameter:411539",1,"m3","Steel, Engineering steel",13119,"ice","ifc_hospital",391
"m_rectangular column : 475 x 475mm:411728",1,"m3","Steel, Engineering steel",7896,"ice","ifc_hospital",395
"m_round column : 610mm diameter:411882",1,"m3","Steel, Engineering steel",10847,"ice","ifc_hospital",399
"m_rectangular column : 475 x 475mm:412979",1,"m3","Steel, Engineering steel",13046,"ice","ifc_hospital",405
"m_round column : 610mm diameter:412981",1,"m3","Steel, Engineering steel",13915,"ice","ifc_hospital",407
"m_rectangular column : 475 x 475mm:412988",1,"m3","Steel, Engineering steel",7896,"ice","ifc_hospital",414
"m_rectangular column : 475 x 475mm:412991",1,"m3","Steel, Engineering steel",9668,"ice","ifc_hospital",417
"m_rectangular column : 475 x 475mm:412993",1,"m3","Steel, Engineering steel",7896,"ice","ifc_hospital",419
"m_rectangular column : 475 x 475mm:412998",1,"m3","Steel, Engineering steel",6455,"ice","ifc_hospital",423
"m_rectangular column : 475 x 475mm:413003",1,"m3","Steel, Engineering steel",13046,"ice","ifc_hospital",428
"m_rectangular column : 475 x 475mm:413007",1,"m3","Steel, Engineering steel",13046,"ice","ifc_hospital",431
"m_rectangular column : 475 x 475mm:413011",1,"m3","Steel, Engineering steel",7896,"ice","ifc_hospital",435
"m_round column : 610mm diameter:413015",1,"m3","Steel, Engineering steel",10764,"ice","ifc_hospital",439
"m_rectangular column : 475 x 475mm:413142",1,"m3","Steel, Engineering steel",13496,"ice","ifc_hospital",443
"plasterboard; masonry - concrete block; plasterboard",15,"m3","AAC concrete block",2487,"ice","ifc_hospital",466
"plasterboard; masonry - concrete block; plasterboard",11,"m3","AAC concrete block",1865,"ice","ifc_hospital",474
"plasterboard; masonry - concrete block; plasterboard",4,"m3","AAC concrete block",621,"ice","ifc_hospital",477
"plasterboard; masonry - concrete block; plasterboard",3,"m3","AAC concrete block",493,"ice","ifc_hospital",484
"plasterboard; masonry - concrete block; plasterboard",4,"m3","AAC concrete block",621,"ice","ifc_hospital",489
"plasterboard; masonry - concrete block; plasterboard",3,"m3","AAC concrete block",540,"ice","ifc_hospital",493
"m_rectangular column : 475 x 475mm:416115",1,"m3","Steel, Engineering steel",9129,"ice","ifc_hospital",1022
"m_rectangular column : 475 x 475mm:416154",1,"m3","Steel, Engineering steel",8001,"ice","ifc_hospital",1060
"m_rectangular column : 475 x 475mm:416107",1,"m3","Steel, Engineering steel",10797,"ice","ifc_hospital",1014
"brick column : 1200 x 300mm:284024",1,"m3","Steel, Engineering steel",8102,"ice","ifc_hospital",887
"m_rectangular column : 475 x 475mm:416150",1,"m3","Steel, Engineering steel",5138,"ice","ifc_hospital",1056
"m_rectangular column : 475 x 475mm:416146",1,"m3","Steel, Engineering steel",6535,"ice","ifc_hospital",1052
"m_rectangular column : 475 x 475mm:416124",1,"m3","Steel, Engineering steel",10797,"ice","ifc_hospital",1030
"m_rectangular column : 475 x 475mm:415991",1,"m3","Steel, Engineering steel",8001,"ice","ifc_hospital",980
"m_rectangular column : 475 x 475mm:416122",1,"m3","Steel, Engineering steel",10797,"ice","ifc_hospital",1028
"m_round column : 610mm diameter:416126",1,"m3","Steel, Engineering steel",13985,"ice","ifc_hospital",1032
"m_rectangular column : 475 x 475mm:416103",1,"m3","Steel, Engineering steel",6535,"ice","ifc_hospital",1010
"plasterboard; masonry - concrete block; plasterboard",3,"m3","AAC concrete block",462,"ice","ifc_hospital",1064
"m_rectangular column : 475 x 475mm:416099",0,"m3","Steel, Engineering steel",4325,"ice","ifc_hospital",1006
"m_round column : 610mm diameter:416003",1,"m3","Steel, Engineering steel",10494,"ice","ifc_hospital",992
"m concrete - rectangular - column : 1150 x 1250mm:210085",1,"m3","Concrete GEN 2 with 15% PFA cement",254,"ice","ifc_hospital",109
"m concrete - rectangular - column : 1150 x 1250mm:211227",1,"m3","Concrete GEN 2 with 15% PFA cement",254,"ice","ifc_hospital",123
"m concrete - rectangular - column : 1150 x 1250mm:210560",1,"m3","Concrete GEN 2 with 15% PFA cement",242,"ice","ifc_hospital",115
"m concrete - rectangular - column : 1150 x 1250mm:211529",1,"m3","Concrete GEN 2 with 15% PFA cement",216,"ice","ifc_hospital",127
"m concrete - rectangular - column : 1150 x 1250mm:211904",1,"m3","Concrete GEN 2 with 15% PFA cement",255,"ice","ifc_hospital",132
"m concrete - rectangular - column : 1150 x 1250mm:212121",1,"m3","Concrete GEN 2 with 15% PFA cement",243,"ice","ifc_hospital",135
"m concrete - rectangular - column : 1150 x 1250mm:211971",1,"m3","Concrete GEN 2 with 15% PFA cement",255,"ice","ifc_hospital",133
"uc-universal column - column : 356x368x177uc : 272129",0,"m3","Steel, Engineering steel",2257,"ice","ifc_hospital",161
"uc-universal column - column : 356x368x177uc : 272290",0,"m3","Steel, Engineering steel",2560,"ice","ifc_hospital",163
"ub - universal beam : 305x165x40ub:175524",0,"m3","Steel, Engineering steel",84,"ice","ifc_hospital",167
"m hss - hollow structural section - column : hss152.4x152.4x7.9:233136",0,"m3","Steel, Engineering steel",639,"ice","ifc_hospital",171
"m hss - hollow structural section - column : hss152.4x152.4x7.9:242587",0,"m3","Steel, Engineering steel",426,"ice","ifc_hospital",175
"uc-universal column - column : 356x368x177uc : 266124",0,"m3","Steel, Engineering steel",2228,"ice","ifc_hospital",179
"uc-universal column - column : 356x368x177uc : 266133",0,"m3","Steel, Engineering steel",2228,"ice","ifc_hospital",183
"uc-universal column - column : 356x368x177uc : 266145",0,"m3","Steel, Engineering steel",2228,"ice","ifc_hospital",189
"m_rectangular column : 475 x 475mm:416001",1,"m3","Steel, Engineering steel",6965,"ice","ifc_hospital",990
"m_round column : 610mm diameter:415995",1,"m3","Steel, Engineering steel",5417,"ice","ifc_hospital",984
"m_rectangular column : 475 x 475mm:416138",1,"m3","Steel, Engineering steel",10797,"ice","ifc_hospital",1044
"m_rectangular column : 475 x 475mm:416111",1,"m3","Steel, Engineering steel",6535,"ice","ifc_hospital",1018
"m_rectangular column : 475 x 475mm:416140",1,"m3","Steel, Engineering steel",5094,"ice","ifc_hospital",1046
"m_round column : 610mm diameter:415996",1,"m3","Steel, Engineering steel",8464,"ice","ifc_hospital",985
"m_rectangular column : 475 x 475mm:416134",1,"m3","Steel, Engineering steel",10399,"ice","ifc_hospital",1040
"uc-universal column - column : 356x368x177uc : 266149",0,"m3","Steel, Engineering steel",2228,"ice","ifc_hospital",191
"uc-universal column - column : 356x368x177uc : 266157",0,"m3","Steel, Engineering steel",2228,"ice","ifc_hospital",195
"uc-universal column - column : 356x368x177uc : 266677",0,"m3","Steel, Engineering steel",2228,"ice","ifc_hospital",203
"uc-universal column - column : 356x368x177uc : 266681",0,"m3","Steel, Engineering steel",2228,"ice","ifc_hospital",205
"uc-universal column - column : 356x368x177uc : 266955",0,"m3","Steel, Engineering steel",2228,"ice","ifc_hospital",209
"uc-universal column - column : 356x368x177uc : 266959",0,"m3","Steel, Engineering steel",2228,"ice","ifc_hospital",211
"uc-universal column - column : 356x368x177uc : 267258",0,"m3","Steel, Engineering steel",2228,"ice","ifc_hospital",215
"uc-universal column - column : 356x368x177uc : 267270",0,"m3","Steel, Engineering steel",858,"ice","ifc_hospital",221
"uc-universal column - column : 356x368x177uc : 267652",0,"m3","Steel, Engineering steel",1972,"ice","ifc_hospital",224
"uc-universal column - column : 356x368x177uc : 267658",0,"m3","Steel, Engineering steel",1972,"ice","ifc_hospital",227
"uc-universal column - column : 356x368x177uc : 267799",0,"m3","Steel, Engineering steel",2228,"ice","ifc_hospital",231
"uc-universal column - column : 356x368x177uc : 180490",0,"m3","Steel, Engineering steel",2228,"ice","ifc_hospital",237
"uc-universal column - column : 356x368x177uc : 266336",0,"m3","Steel, Engineering steel",2641,"ice","ifc_hospital",241
"uc-universal column - column : 356x368x177uc : 266344",0,"m3","Steel, Engineering steel",2641,"ice","ifc_hospital",245
"uc-universal column - column : 356x368x177uc : 266352",0,"m3","Steel, Engineering steel",2641,"ice","ifc_hospital",249
"uc-universal column - column : 356x368x177uc : 266360",0,"m3","Steel, Engineering steel",2641,"ice","ifc_hospital",253
"uc-universal column - column : 356x368x177uc : 266368",0,"m3","Steel, Engineering steel",2641,"ice","ifc_hospital",257
"uc-universal column - column : 356x368x177uc : 266747",0,"m3","Steel, Engineering steel",1972,"ice","ifc_hospital",261
"uc-universal column - column : 356x368x177uc : 266755",0,"m3","Steel, Engineering steel",1972,"ice","ifc_hospital",265
"uc-universal column - column : 356x368x177uc : 267045",0,"m3","Steel, Engineering steel",858,"ice","ifc_hospital",268
"uc-universal column - column : 356x368x177uc : 267053",0,"m3","Steel, Engineering steel",858,"ice","ifc_hospital",272
"uc-universal column - column : 356x368x177uc : 267055",0,"m3","Steel, Engineering steel",858,"ice","ifc_hospital",273
"uc-universal column - column : 356x368x177uc : 267382",0,"m3","Steel, Engineering steel",858,"ice","ifc_hospital",281
"uc-universal column - column : 356x368x177uc : 267866",0,"m3","Steel, Engineering steel",858,"ice","ifc_hospital",285
"uc-universal column - column : 356x368x177uc : 267870",0,"m3","Steel, Engineering steel",858,"ice","ifc_hospital",287
"limestone sills; masonry - brick soldier course",1,"m3","Clay, Brick",355,"ice","ifc_hospital",291
"limestone sills; masonry - brick soldier course",1,"m3","Clay, Brick",359,"ice","ifc_hospital",295
"limestone sills; masonry - brick soldier course",1,"m3","Clay, Brick",368,"ice","ifc_hospital",299
"limestone sills; masonry - brick soldier course",1,"m3","Clay, Brick",359,"ice","ifc_hospital",305
"limestone sills; masonry - brick soldier course",1,"m3","Clay, Brick",359,"ice","ifc_hospital",309
"limestone sills; masonry - brick soldier course",1,"m3","Clay, Brick",360,"ice","ifc_hospital",311
"limestone sills; masonry - brick soldier course",1,"m3","Clay, Brick",363,"ice","ifc_hospital",315
"plasterboard; masonry - concrete block; plasterboard",34,"m3","AAC concrete block",5753,"ice","ifc_hospital",335
"plasterboard; masonry - concrete block; plasterboard",3,"m3","AAC concrete block",501,"ice","ifc_hospital",343
"plasterboard; masonry - concrete block; plasterboard",17,"m3","AAC concrete block",2799,"ice","ifc_hospital",348
"plasterboard; masonry - concrete block; plasterboard",11,"m3","AAC concrete block",1849,"ice","ifc_hospital",349
"plasterboard; masonry - concrete block; plasterboard",4,"m3","AAC concrete block",651,"ice","ifc_hospital",351
"m_round column : 610mm diameter:410095",1,"m3","Steel, Engineering steel",13172,"ice","ifc_hospital",365
"m_round column : 610mm diameter:410151",1,"m3","Steel, Engineering steel",13172,"ice","ifc_hospital",367
"m_rectangular column : 475 x 475mm:410399",1,"m3","Steel, Engineering steel",13046,"ice","ifc_hospital",371
"m_rectangular column : 475 x 475mm:410604",1,"m3","Steel, Engineering steel",5226,"ice","ifc_hospital",374
"m_rectangular column : 475 x 475mm:410879",1,"m3","Steel, Engineering steel",6390,"ice","ifc_hospital",379
"m_rectangular column : 475 x 475mm:411145",1,"m3","Steel, Engineering steel",7896,"ice","ifc_hospital",383
"m_rectangular column : 500 x 500mm:411479",1,"m3","Steel, Engineering steel",10900,"ice","ifc_hospital",389
"m_rectangular column : 475 x 475mm:411662",1,"m3","Steel, Engineering steel",8631,"ice","ifc_hospital",393
"m_rectangular column : 475 x 475mm:411804",1,"m3","Steel, Engineering steel",12194,"ice","ifc_hospital",397
"m_round column : 610mm diameter:411990",1,"m3","Steel, Engineering steel",10724,"ice","ifc_hospital",401
"m_rectangular column : 475 x 475mm:412977",1,"m3","Steel, Engineering steel",12479,"ice","ifc_hospital",403
"m_rectangular column : 475 x 475mm:412983",1,"m3","Steel, Engineering steel",10118,"ice","ifc_hospital",409
"m_rectangular column : 475 x 475mm:412985",1,"m3","Steel, Engineering steel",5852,"ice","ifc_hospital",411
"m_rectangular column : 475 x 475mm:412989",1,"m3","Steel, Engineering steel",5226,"ice","ifc_hospital",415
"m_rectangular column : 475 x 475mm:412996",1,"m3","Steel, Engineering steel",13046,"ice","ifc_hospital",421
"m_rectangular column : 475 x 475mm:413001",1,"m3","Steel, Engineering steel",7896,"ice","ifc_hospital",426
"m_round column : 610mm diameter:413006",1,"m3","Steel, Engineering steel",13915,"ice","ifc_hospital",430
"m_rectangular column : 475 x 475mm:413009",1,"m3","Steel, Engineering steel",13046,"ice","ifc_hospital",433
"m_rectangular column : 475 x 475mm:413013",1,"m3","Steel, Engineering steel",9668,"ice","ifc_hospital",437
"m_round column : 610mm diameter:413017",1,"m3","Steel, Engineering steel",9933,"ice","ifc_hospital",441
"m_round column : 610mm diameter:413332",2,"m3","Steel, Engineering steel",16228,"ice","ifc_hospital",445
"plasterboard; masonry - concrete block; plasterboard",3,"m3","AAC concrete block",540,"ice","ifc_hospital",468
"plasterboard; masonry - concrete block; plasterboard",3,"m3","AAC concrete block",490,"ice","ifc_hospital",472
"plasterboard; masonry - concrete block; plasterboard",15,"m3","AAC concrete block",2486,"ice","ifc_hospital",479
"plasterboard; masonry - concrete block; plasterboard",3,"m3","AAC concrete block",540,"ice","ifc_hospital",481
"plasterboard; masonry - concrete block; plasterboard",11,"m3","AAC concrete block",1840,"ice","ifc_hospital",486
"plasterboard; masonry - concrete block; plasterboard",15,"m3","AAC concrete block",2486,"ice","ifc_hospital",491
"m_rectangular column : 475 x 475mm:416148",1,"m3","Steel, Engineering steel",8001,"ice","ifc_hospital",1054
"m_rectangular column : 475 x 475mm:416120",1,"m3","Steel, Engineering steel",10797,"ice","ifc_hospital",1026
"plasterboard; masonry - concrete block; plasterboard",3,"m3","AAC concrete block",443,"ice","ifc_hospital",1062
"m_rectangular column : 475 x 475mm:416132",1,"m3","Steel, Engineering steel",7742,"ice","ifc_hospital",1038
"m_rectangular column : 475 x 475mm:416113",1,"m3","Steel, Engineering steel",10797,"ice","ifc_hospital",1020
"m_rectangular column : 475 x 475mm:416142",1,"m3","Steel, Engineering steel",10797,"ice","ifc_hospital",1048
"m_rectangular column : 475 x 475mm:416144",1,"m3","Steel, Engineering steel",8001,"ice","ifc_hospital",1050
"m_rectangular column : 475 x 475mm:416136",1,"m3","Steel, Engineering steel",6535,"ice","ifc_hospital",1042
"m_rectangular column : 475 x 475mm:416152",1,"m3","Steel, Engineering steel",7946,"ice","ifc_hospital",1058
"m_rectangular column : 475 x 475mm:416118",0,"m3","Steel, Engineering steel",4843,"ice","ifc_hospital",1024
"m_rectangular column : 475 x 475mm:416097",1,"m3","Steel, Engineering steel",6535,"ice","ifc_hospital",1004
"plasterboard; masonry - concrete block; plasterboard",3,"m3","AAC concrete block",462,"ice","ifc_hospital",1066
"m_round column : 610mm diameter:416005",1,"m3","Steel, Engineering steel",7696,"ice","ifc_hospital",994
"m_rectangular column : 475 x 475mm:416128",1,"m3","Steel, Engineering steel",8001,"ice","ifc_hospital",1034
"m_round column : 610mm diameter:415987",1,"m3","Steel, Engineering steel",10419,"ice","ifc_hospital",976
"m_rectangular column : 475 x 475mm:416130",1,"m3","Steel, Engineering steel",6535,"ice","ifc_hospital",1036
"m_rectangular column : 475 x 475mm:416009",1,"m3","Steel, Engineering steel",10797,"ice","ifc_hospital",996
"m_rectangular column : 475 x 475mm:416095",0,"m3","Steel, Engineering steel",4843,"ice","ifc_hospital",1002
"m_round column : 610mm diameter:415989",1,"m3","Steel, Engineering steel",10419,"ice","ifc_hospital",978
"m_rectangular column : 475 x 475mm:416101",1,"m3","Steel, Engineering steel",6701,"ice","ifc_hospital",1008
"brick column w_cap:1200 x 300mm:284022",1,"m3","Steel, Engineering steel",11291,"ice","ifc_hospital",885
"m_round column : 610mm diameter:415993",1,"m3","Steel, Engineering steel",10419,"ice","ifc_hospital",982
"m_round column : 610mm diameter:415999",1,"m3","Steel, Engineering steel",13112,"ice","ifc_hospital",988
"m_rectangular column : 475 x 475mm:416105",1,"m3","Steel, Engineering steel",10797,"ice","ifc_hospital",1012
"m_round column : 610mm diameter:415985",1,"m3","Steel, Engineering steel",13985,"ice","ifc_hospital",974
"m_rectangular column : 475 x 475mm:416109",1,"m3","Steel, Engineering steel",8001,"ice","ifc_hospital",1016
"brick column - corner:1200 x 1200:284028",2,"m3","Steel, Engineering steel",17103,"ice","ifc_hospital",891
"brick column w_cap:1200 x 300mm:262431",1,"m3","Steel, Engineering steel",10031,"ice","ifc_hospital",873
"brick column w_cap:1200 x 300mm:284018",1,"m3","Steel, Engineering steel",10133,"ice","ifc_hospital",881
"brick column - corner:1200 x 1200:267494",2,"m3","Steel, Engineering steel",20277,"ice","ifc_hospital",875
"brick column : 1200 x 300mm:284026",1,"m3","Steel, Engineering steel",8192,"ice","ifc_hospital",889
"brick column w_cap:1200 x 300mm:259896",1,"m3","Steel, Engineering steel",10133,"ice","ifc_hospital",860
"m_rectangular column : 1200 x 300mm:262013",1,"m3","Steel, Engineering steel",8973,"ice","ifc_hospital",864
"brick column w_cap:1200 x 300mm:262058",1,"m3","Steel, Engineering steel",9612,"ice","ifc_hospital",867
"uc-universal column - column : 356x368x177uc : 169522",0,"m3","Steel, Engineering steel",2741,"ice","ifc_hospital",20
"uc-universal column - column : 356x368x177uc : 170051",0,"m3","Steel, Engineering steel",2741,"ice","ifc_hospital",30
"uc-universal column - column : 356x368x177uc : 173872",0,"m3","Steel, Engineering steel",2741,"ice","ifc_hospital",36
"uc-universal column - column : 356x368x177uc : 173905",0,"m3","Steel, Engineering steel",2462,"ice","ifc_hospital",40
"uc-universal column - column : 356x368x177uc : 179692",0,"m3","Steel, Engineering steel",2719,"ice","ifc_hospital",48
"uc-universal column - column : 356x368x177uc : 190004",0,"m3","Steel, Engineering steel",2485,"ice","ifc_hospital",56
"uc-universal column - column : 356x368x177uc : 190737",0,"m3","Steel, Engineering steel",2462,"ice","ifc_hospital",64
"uc-universal column - column : 356x368x177uc : 191694",0,"m3","Steel, Engineering steel",2485,"ice","ifc_hospital",74
"uc-universal column - column : 356x368x177uc : 192089",0,"m3","Steel, Engineering steel",2485,"ice","ifc_hospital",80
"uc-universal column - column : 356x368x177uc : 192372",0,"m3","Steel, Engineering steel",2485,"ice","ifc_hospital",84
"uc-universal column - column : 356x368x177uc : 192588",0,"m3","Steel, Engineering steel",2485,"ice","ifc_hospital",88
"uc-universal column - column : 356x368x177uc : 204563",0,"m3","Steel, Engineering steel",2485,"ice","ifc_hospital",96
"m concrete - rectangular - column : 1150 x 1250mm:209800",1,"m3","Concrete GEN 2 with 15% PFA cement",254,"ice","ifc_hospital",106
"m concrete - rectangular - column : 1150 x 1250mm:210639",1,"m3","Concrete GEN 2 with 15% PFA cement",242,"ice","ifc_hospital",116
"m concrete - rectangular - column : 1150 x 1250mm:211833",1,"m3","Concrete GEN 2 with 15% PFA cement",278,"ice","ifc_hospital",131
"uc-universal column - column : 356x368x177uc : 272049",0,"m3","Steel, Engineering steel",2257,"ice","ifc_hospital",160
"m hss - hollow structural section - column : hss152.4x152.4x7.9:228069",0,"m3","Steel, Engineering steel",639,"ice","ifc_hospital",168
"m hss - hollow structural section - column : hss152.4x152.4x7.9:234784",0,"m3","Steel, Engineering steel",475,"ice","ifc_hospital",172
"uc-universal column - column : 356x368x177uc : 266131",0,"m3","Steel, Engineering steel",2228,"ice","ifc_hospital",182
"uc-universal column - column : 356x368x177uc : 266139",0,"m3","Steel, Engineering steel",2228,"ice","ifc_hospital",186
"uc-universal column - column : 356x368x177uc : 266671",0,"m3","Steel, Engineering steel",2228,"ice","ifc_hospital",200
"uc-universal column - column : 356x368x177uc : 266679",0,"m3","Steel, Engineering steel",2228,"ice","ifc_hospital",204
"uc-universal column - column : 356x368x177uc : 266961",0,"m3","Steel, Engineering steel",2228,"ice","ifc_hospital",212
"uc-universal column - column : 356x368x177uc : 266370",0,"m3","Steel, Engineering steel",2641,"ice","ifc_hospital",258
"m hss - hollow structural section - column : hss152.4x152.4x7.9:267515",0,"m3","Steel, Engineering steel",377,"ice","ifc_hospital",282
"uc-universal column - column : 356x368x177uc : 267654",0,"m3","Steel, Engineering steel",1972,"ice","ifc_hospital",225
"uc-universal column - column : 356x368x177uc : 266757",0,"m3","Steel, Engineering steel",1972,"ice","ifc_hospital",266
"m_rectangular column : 475 x 475mm:411863",1,"m3","Steel, Engineering steel",8221,"ice","ifc_hospital",398
"uc-universal column - column : 356x368x177uc : 267660",0,"m3","Steel, Engineering steel",1972,"ice","ifc_hospital",228
"plasterboard; masonry - concrete block; plasterboard",17,"m3","AAC concrete block",2821,"ice","ifc_hospital",338
"uc-universal column - column : 356x368x177uc : 267051",0,"m3","Steel, Engineering steel",858,"ice","ifc_hospital",271
"plasterboard; masonry - concrete block; plasterboard",3,"m3","AAC concrete block",515,"ice","ifc_hospital",352
"m_round column : 610mm diameter:410120",1,"m3","Steel, Engineering steel",11455,"ice","ifc_hospital",366
"uc-universal column - column : 356x368x177uc : 267057",0,"m3","Steel, Engineering steel",858,"ice","ifc_hospital",274
"m_rectangular column : 475 x 475mm:413005",1,"m3","Steel, Engineering steel",7896,"ice","ifc_hospital",429
"limestone sills; masonry - brick soldier course",1,"m3","Clay, Brick",367,"ice","ifc_hospital",296
"m_rectangular column : 475 x 475mm:412997",1,"m3","Steel, Engineering steel",9668,"ice","ifc_hospital",422
"m_round column : 610mm diameter:412980",1,"m3","Steel, Engineering steel",13172,"ice","ifc_hospital",406
"limestone sills; masonry - brick soldier course",1,"m3","Clay, Brick",359,"ice","ifc_hospital",310
"uc-universal column - column : 356x368x177uc : 267805",0,"m3","Steel, Engineering steel",2228,"ice","ifc_hospital",234
"m_rectangular column : 475 x 475mm:411058",1,"m3","Steel, Engineering steel",13046,"ice","ifc_hospital",382
"limestone sills; masonry - brick soldier course",1,"m3","Clay, Brick",359,"ice","ifc_hospital",306
"m_rectangular column : 475 x 475mm:412987",1,"m3","Steel, Engineering steel",7896,"ice","ifc_hospital",413
"m_rectangular column : 475 x 475mm:410490",1,"m3","Steel, Engineering steel",7896,"ice","ifc_hospital",372
"plasterboard; masonry - concrete block; plasterboard",3,"m3","AAC concrete block",540,"ice","ifc_hospital",475
"plasterboard; masonry - concrete block; plasterboard",3,"m3","AAC concrete block",540,"ice","ifc_hospital",487
"plasterboard; masonry - concrete block; plasterboard",4,"m3","AAC concrete block",621,"ice","ifc_hospital",342
"m_rectangular column : 475 x 475mm:411691",1,"m3","Steel, Engineering steel",7896,"ice","ifc_hospital",394
"m_rectangular column : 475 x 475mm:413250",1,"m3","Steel, Engineering steel",7863,"ice","ifc_hospital",444
"plasterboard; masonry - concrete block; plasterboard",4,"m3","AAC concrete block",613,"ice","ifc_hospital",483
"plasterboard; masonry - concrete block; plasterboard",11,"m3","AAC concrete block",1831,"ice","ifc_hospital",467
"brick column : 1200 x 300mm:284025",1,"m3","Steel, Engineering steel",8311,"ice","ifc_hospital",888
"m_rectangular column : 475 x 475mm:413008",1,"m3","Steel, Engineering steel",13046,"ice","ifc_hospital",432
"brick column w_cap:1200 x 300mm:284154",1,"m3","Steel, Engineering steel",9612,"ice","ifc_hospital",892
"brick column w_cap:1200 x 300mm:262364",1,"m3","Steel, Engineering steel",9612,"ice","ifc_hospital",870
"m_rectangular column : 475 x 475mm:416119",1,"m3","Steel, Engineering steel",6530,"ice","ifc_hospital",1025
"m_rectangular column : 475 x 475mm:416110",1,"m3","Steel, Engineering steel",7143,"ice","ifc_hospital",1017
"brick column w_cap:1200 x 300mm:262033",1,"m3","Steel, Engineering steel",10133,"ice","ifc_hospital",866
"m_round column : 610mm diameter:415992",1,"m3","Steel, Engineering steel",13985,"ice","ifc_hospital",981
"m_rectangular column : 475 x 475mm:416100",1,"m3","Steel, Engineering steel",10797,"ice","ifc_hospital",1007
"m_rectangular column : 475 x 475mm:416094",1,"m3","Steel, Engineering steel",8286,"ice","ifc_hospital",1001
"m_rectangular column : 475 x 475mm:416010",1,"m3","Steel, Engineering steel",5180,"ice","ifc_hospital",997
"m_rectangular column : 475 x 475mm:416145",1,"m3","Steel, Engineering steel",7995,"ice","ifc_hospital",1051
"brick column w_cap:1200 x 300mm:284019",1,"m3","Steel, Engineering steel",10133,"ice","ifc_hospital",882
"m_rectangular column : 475 x 475mm:416114",0,"m3","Steel, Engineering steel",4843,"ice","ifc_hospital",1021
"m_rectangular column : 475 x 475mm:416131",0,"m3","Steel, Engineering steel",4325,"ice","ifc_hospital",1037
"m_round column : 610mm diameter:415997",1,"m3","Steel, Engineering steel",13985,"ice","ifc_hospital",986
"uc-universal column - column : 356x368x177uc : 266147",0,"m3","Steel, Engineering steel",2228,"ice","ifc_hospital",190
"uc-universal column - column : 356x368x177uc : 191381",0,"m3","Steel, Engineering steel",2741,"ice","ifc_hospital",72
"uc-universal column - column : 356x368x177uc : 266753",0,"m3","Steel, Engineering steel",1972,"ice","ifc_hospital",264
"uc-universal column - column : 356x368x177uc : 190455",0,"m3","Steel, Engineering steel",2741,"ice","ifc_hospital",60
"uc-universal column - column : 356x368x177uc : 267376",0,"m3","Steel, Engineering steel",858,"ice","ifc_hospital",278
"uc-universal column - column : 356x368x177uc : 266155",0,"m3","Steel, Engineering steel",2228,"ice","ifc_hospital",194
"uc-universal column - column : 356x368x177uc : 266350",0,"m3","Steel, Engineering steel",2641,"ice","ifc_hospital",248
"m concrete - rectangular - column : 1150 x 1250mm:212048",1,"m3","Concrete GEN 2 with 15% PFA cement",278,"ice","ifc_hospital",134
"uc-universal column - column : 356x368x177uc : 190933",0,"m3","Steel, Engineering steel",2462,"ice","ifc_hospital",66
"uc-universal column - column : 356x368x177uc : 266366",0,"m3","Steel, Engineering steel",2641,"ice","ifc_hospital",256
"m concrete - rectangular - column : 1150 x 1250mm:211630",1,"m3","Concrete GEN 2 with 15% PFA cement",243,"ice","ifc_hospital",128
"uc-universal column - column : 356x368x177uc : 204529",0,"m3","Steel, Engineering steel",2485,"ice","ifc_hospital",91
"uc-universal column - column : 356x368x177uc : 266362",0,"m3","Steel, Engineering steel",2641,"ice","ifc_hospital",254
"concrete fndn pier at corner_15 degrees:concrete fndn pier at corner_15 degrees:224391",2,"m3","Concrete admixtures. Air entrainers, Europe",1570,"ice","ifc_hospital",138
"uc-universal column - column : 356x368x177uc : 266953",0,"m3","Steel, Engineering steel",2228,"ice","ifc_hospital",208
"limestone sills; masonry - brick soldier course",1,"m3","Clay, Brick",359,"ice","ifc_hospital",297
"uc-universal column - column : 356x368x177uc : 169177",0,"m3","Steel, Engineering steel",2741,"ice","ifc_hospital",16
"uc-universal column - column : 356x368x177uc : 159566",0,"m3","Steel, Engineering steel",2741,"ice","ifc_hospital",10
"uc-universal column - column : 356x368x177uc : 169845",0,"m3","Steel, Engineering steel",2741,"ice","ifc_hospital",28
"uc-universal column - column : 356x368x177uc : 169526",0,"m3","Steel, Engineering steel",2741,"ice","ifc_hospital",22
"m concrete - rectangular - column : 1150 x 1250mm:211148",1,"m3","Concrete GEN 2 with 15% PFA cement",254,"ice","ifc_hospital",122
"uc-universal column - column : 356x368x177uc : 179484",0,"m3","Steel, Engineering steel",2719,"ice","ifc_hospital",44
"uc-universal column - column : 356x368x177uc : 179792",0,"m3","Steel, Engineering steel",2719,"ice","ifc_hospital",50
"uc-universal column - column : 356x368x177uc : 158538",0,"m3","Steel, Engineering steel",2741,"ice","ifc_hospital",2
"m concrete - rectangular - column : 1150 x 1250mm:210791",1,"m3","Concrete GEN 2 with 15% PFA cement",242,"ice","ifc_hospital",118
"m concrete - rectangular - column : 1150 x 1250mm:210320",1,"m3","Concrete GEN 2 with 15% PFA cement",254,"ice","ifc_hospital",112
"uc-universal column - column : 356x368x177uc : 267268",0,"m3","Steel, Engineering steel",2228,"ice","ifc_hospital",220
"limestone sills; masonry - brick soldier course",1,"m3","Clay, Brick",359,"ice","ifc_hospital",302
"m concrete - rectangular - column : 1150 x 1250mm:272527",1,"m3","Concrete GEN 2 with 15% PFA cement",254,"ice","ifc_hospital",164
"uc-universal column - column : 356x368x177uc : 266338",0,"m3","Steel, Engineering steel",2641,"ice","ifc_hospital",242
"m_rectangular column : 475 x 475mm:412992",1,"m3","Steel, Engineering steel",10546,"ice","ifc_hospital",418
"uc-universal column - column : 356x368x177uc : 266122",0,"m3","Steel, Engineering steel",2228,"ice","ifc_hospital",178
"uc-universal column - column : 356x368x177uc : 267801",0,"m3","Steel, Engineering steel",2228,"ice","ifc_hospital",232
"m hss - hollow structural section - column : hss152.4x152.4x7.9:242585",0,"m3","Steel, Engineering steel",426,"ice","ifc_hospital",174
"m_rectangular column : 475 x 475mm:412986",1,"m3","Steel, Engineering steel",10240,"ice","ifc_hospital",412
"m_rectangular column : 475 x 475mm:411256",1,"m3","Steel, Engineering steel",7896,"ice","ifc_hospital",386
"uc-universal column - column : 356x368x177uc : 267256",0,"m3","Steel, Engineering steel",2228,"ice","ifc_hospital",214
"plasterboard; masonry - concrete block; plasterboard",17,"m3","AAC concrete block",2821,"ice","ifc_hospital",336
"m_rectangular column : 475 x 475mm:411598",1,"m3","Steel, Engineering steel",6290,"ice","ifc_hospital",392
"ub - universal beam : 305x165x40ub:177617",0,"m3","Steel, Engineering steel",84,"ice","ifc_hospital",238
"limestone sills; masonry - brick soldier course",1,"m3","Clay, Brick",356,"ice","ifc_hospital",316
"limestone column - corner - 15  degree:1200 x 1200:256689",2,"m3","Steel, Engineering steel",22189,"ice","ifc_hospital",320
"m_rectangular column : 475 x 475mm:410978",1,"m3","Steel, Engineering steel",9668,"ice","ifc_hospital",380
"plasterboard; masonry - concrete block; plasterboard",3,"m3","AAC concrete block",555,"ice","ifc_hospital",490
"uc-universal column - column : 356x368x177uc : 267868",0,"m3","Steel, Engineering steel",858,"ice","ifc_hospital",286
"m_rectangular column : 475 x 475mm:412978",1,"m3","Steel, Engineering steel",13046,"ice","ifc_hospital",404
"m_rectangular column : 475 x 475mm:413010",1,"m3","Steel, Engineering steel",6499,"ice","ifc_hospital",434
"m_rectangular column : 475 x 475mm:413014",1,"m3","Steel, Engineering steel",13046,"ice","ifc_hospital",438
"m_round column : 610mm diameter:415986",1,"m3","Steel, Engineering steel",13985,"ice","ifc_hospital",975
"m_rectangular column : 475 x 475mm:416147",1,"m3","Steel, Engineering steel",8001,"ice","ifc_hospital",1053
"plasterboard; masonry - concrete block; plasterboard",10,"m3","AAC concrete block",1609,"ice","ifc_hospital",817
"plasterboard; masonry - concrete block; plasterboard",4,"m3","AAC concrete block",610,"ice","ifc_hospital",471
"m_rectangular column : 475 x 475mm:416141",1,"m3","Steel, Engineering steel",10418,"ice","ifc_hospital",1047
"m_round column : 610mm diameter:416006",1,"m3","Steel, Engineering steel",6321,"ice","ifc_hospital",995
"m_round column : 610mm diameter:416002",1,"m3","Steel, Engineering steel",13985,"ice","ifc_hospital",991
"m_rectangular column : 475 x 475mm:415990",1,"m3","Steel, Engineering steel",6965,"ice","ifc_hospital",979
"m_rectangular column : 475 x 475mm:416104",1,"m3","Steel, Engineering steel",5288,"ice","ifc_hospital",1011
"m_rectangular column : 475 x 475mm:410691",1,"m3","Steel, Engineering steel",13046,"ice","ifc_hospital",375
"limestone sills; masonry - brick soldier course",1,"m3","Clay, Brick",358,"ice","ifc_hospital",292
"m_rectangular column : 475 x 475mm:416108",0,"m3","Steel, Engineering steel",4843,"ice","ifc_hospital",1015
"m_rectangular column : 475 x 475mm:409990",1,"m3","Steel, Engineering steel",9974,"ice","ifc_hospital",364
"brick column - corner - 15  degree:1200 x 1200:264062",2,"m3","Steel, Engineering steel",19872,"ice","ifc_hospital",874
"m_rectangular column : 475 x 475mm:416129",1,"m3","Steel, Engineering steel",6535,"ice","ifc_hospital",1035
"m_rectangular column : 475 x 475mm:416125",1,"m3","Steel, Engineering steel",8001,"ice","ifc_hospital",1031
"plasterboard; masonry - concrete block; plasterboard",3,"m3","AAC concrete block",448,"ice","ifc_hospital",1065
"m_rectangular column : 475 x 475mm:416137",1,"m3","Steel, Engineering steel",7627,"ice","ifc_hospital",1043
"plasterboard; masonry - concrete block; plasterboard",2,"m3","AAC concrete block",337,"ice","ifc_hospital",1299
"m_rectangular column : 475 x 475mm:416151",0,"m3","Steel, Engineering steel",4843,"ice","ifc_hospital",1057
"m_rectangular column : 475 x 475mm:416155",0,"m3","Steel, Engineering steel",3955,"ice","ifc_hospital",1061
"brick column : 1200 x 300mm:284017",1,"m3","Steel, Engineering steel",8426,"ice","ifc_hospital",880
"m_rectangular column : 475 x 475mm:416092",1,"m3","Steel, Engineering steel",9091,"ice","ifc_hospital",1000
"m_round column : 610mm diameter:416012",1,"m3","Steel, Engineering steel",12958,"ice","ifc_hospital",998
"brick column w_cap:1200 x 300mm:284020",1,"m3","Steel, Engineering steel",10241,"ice","ifc_hospital",883
"plasterboard; masonry - concrete block; plasterboard",7,"m3","AAC concrete block",1133,"ice","ifc_hospital",814
"m_rectangular column : 1200 x 300mm:262023",1,"m3","Steel, Engineering steel",8973,"ice","ifc_hospital",865
"brick column w_cap:1200 x 300mm:261896",1,"m3","Steel, Engineering steel",10151,"ice","ifc_hospital",862
"brick column w_cap:1200 x 300mm:262354",1,"m3","Steel, Engineering steel",9612,"ice","ifc_hospital",869
"brick column w_cap:1200 x 300mm:284155",1,"m3","Steel, Engineering steel",9612,"ice","ifc_hospital",893
"plasterboard; masonry - concrete block; plasterboard",7,"m3","AAC concrete block",1133,"ice","ifc_hospital",816
"brick column w_cap:1200 x 300mm:262405",1,"m3","Steel, Engineering steel",9937,"ice","ifc_hospital",871
"uc-universal column - column : 356x368x177uc : 159047",0,"m3","Steel, Engineering steel",2741,"ice","ifc_hospital",6
"uc-universal column - column : 356x368x177uc : 169063",0,"m3","Steel, Engineering steel",2741,"ice","ifc_hospital",14
"uc-universal column - column : 356x368x177uc : 169670",0,"m3","Steel, Engineering steel",2719,"ice","ifc_hospital",26
"uc-universal column - column : 356x368x177uc : 173847",0,"m3","Steel, Engineering steel",2708,"ice","ifc_hospital",34
"uc-universal column - column : 356x368x177uc : 173901",0,"m3","Steel, Engineering steel",2462,"ice","ifc_hospital",38
"uc-universal column - column : 356x368x177uc : 174346",0,"m3","Steel, Engineering steel",2719,"ice","ifc_hospital",42
"uc-universal column - column : 356x368x177uc : 185663",0,"m3","Steel, Engineering steel",2701,"ice","ifc_hospital",52
"uc-universal column - column : 356x368x177uc : 190150",0,"m3","Steel, Engineering steel",2462,"ice","ifc_hospital",58
"uc-universal column - column : 356x368x177uc : 191181",0,"m3","Steel, Engineering steel",2741,"ice","ifc_hospital",70
"uc-universal column - column : 356x368x177uc : 191969",0,"m3","Steel, Engineering steel",2462,"ice","ifc_hospital",78
"uc-universal column - column : 356x368x177uc : 192266",0,"m3","Steel, Engineering steel",2462,"ice","ifc_hospital",82
"uc-universal column - column : 356x368x177uc : 192427",0,"m3","Steel, Engineering steel",2462,"ice","ifc_hospital",85
"uc-universal column - column : 356x368x177uc : 204559",0,"m3","Steel, Engineering steel",2485,"ice","ifc_hospital",94
"m concrete - rectangular - column : 1150 x 1250mm:210004",1,"m3","Concrete GEN 2 with 15% PFA cement",254,"ice","ifc_hospital",108
"m concrete - rectangular - column : 1150 x 1250mm:211460",1,"m3","Concrete GEN 2 with 15% PFA cement",254,"ice","ifc_hospital",126
"uc-universal column - column : 356x368x177uc : 272262",0,"m3","Steel, Engineering steel",2682,"ice","ifc_hospital",162
"m hss - hollow structural section - column : hss152.4x152.4x7.9:233134",0,"m3","Steel, Engineering steel",639,"ice","ifc_hospital",170
"uc-universal column - column : 356x368x177uc : 266127",0,"m3","Steel, Engineering steel",2228,"ice","ifc_hospital",180
"uc-universal column - column : 356x368x177uc : 266135",0,"m3","Steel, Engineering steel",2228,"ice","ifc_hospital",184
"uc-universal column - column : 356x368x177uc : 266159",0,"m3","Steel, Engineering steel",2228,"ice","ifc_hospital",196
"uc-universal column - column : 356x368x177uc : 266675",0,"m3","Steel, Engineering steel",2228,"ice","ifc_hospital",202
"uc-universal column - column : 356x368x177uc : 266949",0,"m3","Steel, Engineering steel",2228,"ice","ifc_hospital",206
"uc-universal column - column : 356x368x177uc : 267260",0,"m3","Steel, Engineering steel",2228,"ice","ifc_hospital",216
"uc-universal column - column : 356x368x177uc : 267656",0,"m3","Steel, Engineering steel",1972,"ice","ifc_hospital",226
"uc-universal column - column : 356x368x177uc : 267662",0,"m3","Steel, Engineering steel",1972,"ice","ifc_hospital",229
"uc-universal column - column : 356x368x177uc : 266334",0,"m3","Steel, Engineering steel",2641,"ice","ifc_hospital",240
"uc-universal column - column : 356x368x177uc : 266374",0,"m3","Steel, Engineering steel",2641,"ice","ifc_hospital",260
"uc-universal column - column : 356x368x177uc : 267372",0,"m3","Steel, Engineering steel",858,"ice","ifc_hospital",276
"uc-universal column - column : 356x368x177uc : 267047",0,"m3","Steel, Engineering steel",858,"ice","ifc_hospital",269
"uc-universal column - column : 356x368x177uc : 267380",0,"m3","Steel, Engineering steel",858,"ice","ifc_hospital",280
"limestone sills; masonry - brick soldier course",1,"m3","Clay, Brick",350,"ice","ifc_hospital",290
"m_rectangular column : 475 x 475mm:416000",1,"m3","Steel, Engineering steel",8221,"ice","ifc_hospital",989
"m_rectangular column : 475 x 475mm:416123",0,"m3","Steel, Engineering steel",3951,"ice","ifc_hospital",1029
"m_rectangular column : 475 x 475mm:416117",1,"m3","Steel, Engineering steel",10797,"ice","ifc_hospital",1023
"m_round column : 610mm diameter:415994",1,"m3","Steel, Engineering steel",8563,"ice","ifc_hospital",983
"brick column w_cap:1200 x 300mm:261886",1,"m3","Steel, Engineering steel",10133,"ice","ifc_hospital",861
"brick column w_cap:1200 x 300mm:284156",1,"m3","Steel, Engineering steel",9612,"ice","ifc_hospital",894
"m_rectangular column : 475 x 475mm:416133",1,"m3","Steel, Engineering steel",10797,"ice","ifc_hospital",1039
"brick column - corner - 15  degree:1200 x 1200:284027",2,"m3","Steel, Engineering steel",19872,"ice","ifc_hospital",890
"m_rectangular column : 475 x 475mm:416112",1,"m3","Steel, Engineering steel",10797,"ice","ifc_hospital",1019
"m_rectangular column : 475 x 475mm:416102",1,"m3","Steel, Engineering steel",8997,"ice","ifc_hospital",1009
"m_round column : 610mm diameter:411755",2,"m3","Steel, Engineering steel",16898,"ice","ifc_hospital",396
"m_rectangular column : 475 x 475mm:412994",1,"m3","Steel, Engineering steel",7896,"ice","ifc_hospital",420
"m_rectangular column : 475 x 475mm:416098",1,"m3","Steel, Engineering steel",6535,"ice","ifc_hospital",1005
"brick column w_cap:1200 x 300mm:262342",1,"m3","Steel, Engineering steel",9612,"ice","ifc_hospital",868
"m_round column : 610mm diameter:412031",1,"m3","Steel, Engineering steel",6122,"ice","ifc_hospital",402
"m_round column : 610mm diameter:412982",1,"m3","Steel, Engineering steel",13172,"ice","ifc_hospital",408
"plasterboard; masonry - concrete block; plasterboard",7,"m3","AAC concrete block",1115,"ice","ifc_hospital",347
"m_round column : 610mm diameter:316356",2,"m3","Steel, Engineering steel",17481,"ice","ifc_hospital",340
"limestone sills; masonry - brick soldier course",1,"m3","Clay, Brick",359,"ice","ifc_hospital",312
"m_round column : 610mm diameter:416013",1,"m3","Steel, Engineering steel",12976,"ice","ifc_hospital",999
"brick column w_cap:1200 x 300mm:284023",1,"m3","Steel, Engineering steel",10232,"ice","ifc_hospital",886
"plasterboard; masonry - concrete block; plasterboard",15,"m3","AAC concrete block",2486,"ice","ifc_hospital",485
"plasterboard; masonry - concrete block; plasterboard",11,"m3","AAC concrete block",1865,"ice","ifc_hospital",480
"m_rectangular column : 475 x 475mm:413000",1,"m3","Steel, Engineering steel",9668,"ice","ifc_hospital",425
"m_round column : 610mm diameter:413333",1,"m3","Steel, Engineering steel",11052,"ice","ifc_hospital",446
"plasterboard; masonry - concrete block; plasterboard",15,"m3","AAC concrete block",2486,"ice","ifc_hospital",473
"m_round column : 610mm diameter:413016",1,"m3","Steel, Engineering steel",8838,"ice","ifc_hospital",440
"m_rectangular column : 475 x 475mm:410348",1,"m3","Steel, Engineering steel",6204,"ice","ifc_hospital",370
"m_rectangular column : 475 x 475mm:412999",1,"m3","Steel, Engineering steel",13046,"ice","ifc_hospital",424
"m_rectangular column : 500 x 500mm:411432",1,"m3","Steel, Engineering steel",9538,"ice","ifc_hospital",388
"limestone sills; masonry - brick soldier course",1,"m3","Clay, Brick",359,"ice","ifc_hospital",304
"limestone sills; masonry - brick soldier course",1,"m3","Clay, Brick",361,"ice","ifc_hospital",308
"m_rectangular column : 475 x 475mm:410756",1,"m3","Steel, Engineering steel",8098,"ice","ifc_hospital",376
"m_rectangular column : 475 x 475mm:416153",1,"m3","Steel, Engineering steel",8001,"ice","ifc_hospital",1059
"m_rectangular column : 500 x 500mm:416149",1,"m3","Steel, Engineering steel",10881,"ice","ifc_hospital",1055
"m_rectangular column : 475 x 475mm:416121",1,"m3","Steel, Engineering steel",8001,"ice","ifc_hospital",1027
"plasterboard; masonry - concrete block; plasterboard",3,"m3","AAC concrete block",462,"ice","ifc_hospital",1063
"m_rectangular column : 475 x 475mm:416096",1,"m3","Steel, Engineering steel",10797,"ice","ifc_hospital",1003
"m_round column : 610mm diameter:416004",1,"m3","Steel, Engineering steel",8496,"ice","ifc_hospital",993
"m_rectangular column : 475 x 475mm:416106",1,"m3","Steel, Engineering steel",8001,"ice","ifc_hospital",1013
"plasterboard; masonry - concrete block; plasterboard",3,"m3","AAC concrete block",555,"ice","ifc_hospital",478
"m_rectangular column : 475 x 475mm:413018",0,"m3","Steel, Engineering steel",4780,"ice","ifc_hospital",442
"plasterboard; masonry - concrete block; plasterboard",11,"m3","AAC concrete block",1865,"ice","ifc_hospital",492
"m_rectangular column : 475 x 475mm:413012",1,"m3","Steel, Engineering steel",13046,"ice","ifc_hospital",436
"plasterboard; masonry - concrete block; plasterboard",3,"m3","AAC concrete block",543,"ice","ifc_hospital",1297
"m_rectangular column : 475 x 475mm:416139",1,"m3","Steel, Engineering steel",8641,"ice","ifc_hospital",1045
"m_rectangular column : 475 x 475mm:416143",1,"m3","Steel, Engineering steel",6535,"ice","ifc_hospital",1049
"m_rectangular column : 475 x 475mm:416135",1,"m3","Steel, Engineering steel",5122,"ice","ifc_hospital",1041
"brick column w_cap:1200 x 300mm:284021",1,"m3","Steel, Engineering steel",11291,"ice","ifc_hospital",884
"m_rectangular column : 475 x 475mm:416127",1,"m3","Steel, Engineering steel",5137,"ice","ifc_hospital",1033
"m_round column : 610mm diameter:415998",1,"m3","Steel, Engineering steel",10419,"ice","ifc_hospital",987
"brick column w_cap:1200 x 300mm:262421",1,"m3","Steel, Engineering steel",10244,"ice","ifc_hospital",872
"m_round column : 610mm diameter:415988",1,"m3","Steel, Engineering steel",8998,"ice","ifc_hospital",977
"brick column w_cap:1200 x 300mm:262003",1,"m3","Steel, Engineering steel",10133,"ice","ifc_hospital",863
"plasterboard; masonry - concrete block; plasterboard",12,"m3","AAC concrete block",2090,"ice","ifc_hospital",815
"m_rectangular column : 475 x 475mm:412990",1,"m3","Steel, Engineering steel",10250,"ice","ifc_hospital",416
"m_rectangular column : 475 x 475mm:411500",1,"m3","Steel, Engineering steel",7896,"ice","ifc_hospital",390
"m_round column : 610mm diameter:411959",1,"m3","Steel, Engineering steel",10774,"ice","ifc_hospital",400
"m_rectangular column : 475 x 475mm:410832",1,"m3","Steel, Engineering steel",7896,"ice","ifc_hospital",378
"limestone sills; masonry - brick soldier course",1,"m3","Clay, Brick",364,"ice","ifc_hospital",314
"m_rectangular column : 475 x 475mm:410252",1,"m3","Steel, Engineering steel",9664,"ice","ifc_hospital",368
"m_round column : 610mm diameter:413002",1,"m3","Steel, Engineering steel",12198,"ice","ifc_hospital",427
"m_rectangular column : 475 x 475mm:412984",1,"m3","Steel, Engineering steel",9082,"ice","ifc_hospital",410
"limestone sills; masonry - brick soldier course",1,"m3","Clay, Brick",359,"ice","ifc_hospital",293
"uc-universal column - column : 356x368x177uc : 266957",0,"m3","Steel, Engineering steel",2228,"ice","ifc_hospital",210
"limestone sills; masonry - brick soldier course",1,"m3","Clay, Brick",359,"ice","ifc_hospital",300
"m_rectangular column : 475 x 475mm:411164",1,"m3","Steel, Engineering steel",9668,"ice","ifc_hospital",384
"uc-universal column - column : 356x368x177uc : 266163",0,"m3","Steel, Engineering steel",2228,"ice","ifc_hospital",198
"uc-universal column - column : 356x368x177uc : 267648",0,"m3","Steel, Engineering steel",1972,"ice","ifc_hospital",222
"uc-universal column - column : 356x368x177uc : 267872",0,"m3","Steel, Engineering steel",858,"ice","ifc_hospital",288
"uc-universal column - column : 356x368x177uc : 267264",0,"m3","Steel, Engineering steel",2228,"ice","ifc_hospital",218
"m concrete - rectangular - column : 1150 x 1250mm:210154",1,"m3","Concrete GEN 2 with 15% PFA cement",254,"ice","ifc_hospital",110
"uc-universal column - column : 356x368x177uc : 204531",0,"m3","Steel, Engineering steel",2485,"ice","ifc_hospital",92
"m concrete - rectangular - column : 1150 x 1250mm:212192",1,"m3","Concrete GEN 2 with 15% PFA cement",243,"ice","ifc_hospital",136
"uc-universal column - column : 356x368x177uc : 191055",0,"m3","Steel, Engineering steel",2719,"ice","ifc_hospital",68
"uc-universal column - column : 356x368x177uc : 191818",0,"m3","Steel, Engineering steel",2485,"ice","ifc_hospital",76
"uc-universal column - column : 356x368x177uc : 169303",0,"m3","Steel, Engineering steel",2741,"ice","ifc_hospital",18
"limestone sills; masonry - brick soldier course",3,"m3","Clay, Brick",882,"ice","ifc_hospital",318
"uc-universal column - column : 356x368x177uc : 267049",0,"m3","Steel, Engineering steel",858,"ice","ifc_hospital",270
"uc-universal column - column : 356x368x177uc : 266358",0,"m3","Steel, Engineering steel",2641,"ice","ifc_hospital",252
"uc-universal column - column : 356x368x177uc : 266342",0,"m3","Steel, Engineering steel",2641,"ice","ifc_hospital",244
"plasterboard; masonry - concrete block; plasterboard",15,"m3","AAC concrete block",2601,"ice","ifc_hospital",350
"uc-universal column - column : 356x368x177uc : 266348",0,"m3","Steel, Engineering steel",2641,"ice","ifc_hospital",247
"ub - universal beam : 305x165x40ub:177468",0,"m3","Steel, Engineering steel",103,"ice","ifc_hospital",236
"m hss - hollow structural section - column : hss152.4x152.4x7.9:242668",0,"m3","Steel, Engineering steel",639,"ice","ifc_hospital",176
"uc-universal column - column : 356x368x177uc : 266354",0,"m3","Steel, Engineering steel",2641,"ice","ifc_hospital",250
"uc-universal column - column : 356x368x177uc : 266143",0,"m3","Steel, Engineering steel",2228,"ice","ifc_hospital",188
"uc-universal column - column : 356x368x177uc : 266151",0,"m3","Steel, Engineering steel",2228,"ice","ifc_hospital",192
"uc-universal column - column : 356x368x177uc : 267864",0,"m3","Steel, Engineering steel",858,"ice","ifc_hospital",284
"uc-universal column - column : 356x368x177uc : 266749",0,"m3","Steel, Engineering steel",1972,"ice","ifc_hospital",262
"concrete fndn pier at corner_15 degrees:concrete fndn pier at corner_15 degrees:210925",1,"m3","Concrete admixtures. Air entrainers, Europe",808,"ice","ifc_hospital",120
"ub - universal beam : 305x165x40ub:177323",0,"m3","Steel, Engineering steel",84,"ice","ifc_hospital",166
"m concrete - rectangular - column : 1150 x 1250mm:211302",1,"m3","Concrete GEN 2 with 15% PFA cement",254,"ice","ifc_hospital",124
"uc-universal column - column : 356x368x177uc : 158705",0,"m3","Steel, Engineering steel",2741,"ice","ifc_hospital",4
"uc-universal column - column : 356x368x177uc : 169530",0,"m3","Steel, Engineering steel",2741,"ice","ifc_hospital",24
"uc-universal column - column : 356x368x177uc : 168874",0,"m3","Steel, Engineering steel",2741,"ice","ifc_hospital",12
"m concrete - rectangular - column : 1150 x 1250mm:210483",1,"m3","Concrete GEN 2 with 15% PFA cement",230,"ice","ifc_hospital",114
"uc-universal column - column : 356x368x177uc : 189880",0,"m3","Steel, Engineering steel",2741,"ice","ifc_hospital",54
"uc-universal column - column : 356x368x177uc : 179586",0,"m3","Steel, Engineering steel",2719,"ice","ifc_hospital",46
"uc-universal column - column : 356x368x177uc : 190583",0,"m3","Steel, Engineering steel",2462,"ice","ifc_hospital",62
"m concrete - rectangular - column : 1150 x 1250mm:211770",1,"m3","Concrete GEN 2 with 15% PFA cement",242,"ice","ifc_hospital",130
"uc-universal column - column : 356x368x177uc : 170167",0,"m3","Steel, Engineering steel",2741,"ice","ifc_hospital",32